Workbook

Sheet Full Sweep
A1: N | B1: fx | C1: fy | D1: fs | E1: filter_size | F1: num_filters | G1: lr | H1: Accuracy % | I1: Precision % | J1: Recall % | K1: F1 % | L1: Inference 10k s | M1: Train time s | N1: Params | O1: 2D small_cnn 10k s (amortized) | P1: 2D small_cnn 10k s (sequential) | Q1: Speedup vs 2D (amortized) | R1: Speedup vs 2D (sequential) | S1: Inference 10k s std
A2: 50 | B2: 43 | C2: 37 | D2: 350 | E2: 91 | F2: 64 | G2: 0.001 | H2: 83.17 | I2: 82.93 | J2: 82.98 | K2: 82.94 | L2: 0.1458 | M2: 163 | N2: 753162 | O2: 0.3499 | P2: 22.5443 | Q2: 2.4 | R2: 154.59 | S2: 0.0002
A3: 50 | B3: 43 | C3: 37 | D3: 350 | E3: 91 | F3: 64 | G3: 0.01 | H3: 82.8 | I3: 82.62 | J3: 82.59 | K3: 82.58 | L3: 0.1457 | M3: 140 | N3: 753162 | O3: 0.3499 | P3: 22.5443 | Q3: 2.4 | R3: 154.73 | S3: 0.00016
A4: 50 | B4: 43 | C4: 37 | D4: 350 | E4: 81 | F4: 64 | G4: 0.001 | H4: 82.8 | I4: 82.59 | J4: 82.63 | K4: 82.59 | L4: 0.132 | M4: 109 | N4: 670602 | O4: 0.3499 | P4: 22.5443 | Q4: 2.65 | R4: 170.82 | S4: 9e-05
A5: 50 | B5: 43 | C5: 37 | D5: 350 | E5: 81 | F5: 64 | G5: 0.01 | H5: 82.43 | I5: 82.32 | J5: 82.19 | K5: 82.16 | L5: 0.1319 | M5: 112 | N5: 670602 | O5: 0.3499 | P5: 22.5443 | Q5: 2.65 | R5: 170.89 | S5: 0.0001
A6: 50 | B6: 43 | C6: 37 | D6: 350 | E6: 71 | F6: 64 | G6: 0.01 | H6: 83.07 | I6: 82.94 | J6: 82.81 | K6: 82.82 | L6: 0.1174 | M6: 105 | N6: 588042 | O6: 0.3499 | P6: 22.5443 | Q6: 2.98 | R6: 192.08 | S6: 0.00031
A7: 50 | B7: 43 | C7: 37 | D7: 350 | E7: 71 | F7: 64 | G7: 0.001 | H7: 83.04 | I7: 82.87 | J7: 82.81 | K7: 82.81 | L7: 0.1172 | M7: 104 | N7: 588042 | O7: 0.3499 | P7: 22.5443 | Q7: 2.99 | R7: 192.44 | S7: 8e-05
A8: 50 | B8: 43 | C8: 37 | D8: 350 | E8: 41 | F8: 64 | G8: 0.01 | H8: 83.17 | I8: 83.22 | J8: 82.96 | K8: 83.02 | L8: 0.0767 | M8: 107 | N8: 340362 | O8: 0.3499 | P8: 22.5443 | Q8: 4.56 | R8: 293.89 | S8: 0.0063
A9: 50 | B9: 43 | C9: 37 | D9: 350 | E9: 41 | F9: 64 | G9: 0.001 | H9: 82.7 | I9: 82.49 | J9: 82.48 | K9: 82.48 | L9: 0.0794 | M9: 106 | N9: 340362 | O9: 0.3499 | P9: 22.5443 | Q9: 4.4 | R9: 283.83 | S9: 0.00772
A10: 50 | B10: 43 | C10: 37 | D10: 350 | E10: 31 | F10: 64 | G10: 0.001 | H10: 83.46 | I10: 83.27 | J10: 83.27 | K10: 83.24 | L10: 0.0815 | M10: 147 | N10: 257802 | O10: 0.3499 | P10: 22.5443 | Q10: 4.29 | R10: 276.45 | S10: 0.0064
A11: 50 | B11: 43 | C11: 37 | D11: 350 | E11: 31 | F11: 64 | G11: 0.01 | H11: 83.36 | I11: 83.29 | J11: 83.14 | K11: 83.16 | L11: 0.1003 | M11: 91 | N11: 257802 | O11: 0.3499 | P11: 22.5443 | Q11: 3.49 | R11: 224.72 | S11: 0.0223
A12: 50 | B12: 43 | C12: 37 | D12: 350 | E12: 21 | F12: 64 | G12: 0.001 | H12: 83.35 | I12: 83.15 | J12: 83.12 | K12: 83.11 | L12: 0.0735 | M12: 145 | N12: 175242 | O12: 0.3499 | P12: 22.5443 | Q12: 4.76 | R12: 306.64 | S12: 0.00284
A13: 50 | B13: 43 | C13: 37 | D13: 350 | E13: 21 | F13: 64 | G13: 0.01 | H13: 83.15 | I13: 83.05 | J13: 82.95 | K13: 82.97 | L13: 0.1216 | M13: 136 | N13: 175242 | O13: 0.3499 | P13: 22.5443 | Q13: 2.88 | R13: 185.41 | S13: 0.01132
... A113: 500 | B113: 39 | C113: 41 | D113: 1200 | E113: 11 | F113: 32 | G113: 0.001 | H113: 92.43 | I113: 92.35 | J113: 92.34 | K113: 92.33 | L113: 0.0717 | M113: 163 | N113: 23818 | O113: 0.3414 | P113: 152.1019 | Q113: 4.76 | R113: 2121.36 | S113: 0.002

Sheet Sheet1
A1: N | B1: fx | C1: fy | D1: fs | E1: filter_size | F1: num_filters | G1: lr | H1: Accuracy % | I1: Precision % | J1: Recall % | K1: F1 % | L1: Inference 10k s | M1: Train time s | N1: Params | O1: 2D small_cnn 10k s (amortized) | P1: 2D small_cnn 10k s (sequential) | Q1: Speedup vs 2D (amortized) | R1: Speedup vs 2D (sequential) | S1: Inference 10k s std
A2: 50 | B2: 43 | C2: 37 | D2: 350 | E2: 31 | F2: 64 | G2: 0.001 | H2: 83.46 | I2: 83.27 | J2: 83.27 | K2: 83.24 | L2: 0.0815 | M2: 147 | N2: 257802 | O2: 0.3499 | P2: 22.5443 | Q2: 4.29 | R2: 276.45 | S2: 0.0064 | V2: mean | W2: 50 | X2: 100 | Y2: 200 | Z2: 500 | AB2: std | AC2: 50 | AD2: 100 | AE2: 200 | AF2: 500
A3: 50 | B3: 43 | C3: 37 | D3: 350 | E3: 31 | F3: 64 | G3: 0.01 | H3: 83.36 | I3: 83.29 | J3: 83.14 | K3: 83.16 | L3: 0.1003 | M3: 91 | N3: 257802 | O3: 0.3499 | P3: 22.5443 | Q3: 3.49 | R3: 224.72 | S3: 0.0223 | V3: accuracy | W3: =AVERAGE(H2:H29) -> 82.686429 | X3: =AVERAGE(H30:H57) -> 92.6 | Y3: =AVERAGE(H58:H85) -> 94.797143 | Z3: =AVERAGE(H86:H113) -> 97.112857 | AB3: accuracy | AC3: =STDEV(H2:H29) -> 0.77413854 | AD3: =STDEV(H30:H57) -> 1.5603608 | AE3: =STDEV(H58:H85) -> 1.8977294 | AF3: =STDEV(H86:H113) -> 1.7153509
A4: 50 | B4: 43 | C4: 37 | D4: 350 | E4: 21 | F4: 64 | G4: 0.001 | H4: 83.35 | I4: 83.15 | J4: 83.12 | K4: 83.11 | L4: 0.0735 | M4: 145 | N4: 175242 | O4: 0.3499 | P4: 22.5443 | Q4: 4.76 | R4: 306.64 | S4: 0.00284 | V4: pree | W4: =AVERAGE(I2:I29) -> 82.548929 | X4: =AVERAGE(I30:I57) -> 92.548214 | Y4: =AVERAGE(I58:I85) -> 94.757143 | Z4: =AVERAGE(I86:I113) -> 97.0875 | AB4: pree | AC4: =STDEV(I2:I29) -> 0.7613163 | AD4: =STDEV(I30:I57) -> 1.5786095 | AE4: =STDEV(I58:I85) -> 1.893067 | AF4: =STDEV(I86:I113) -> 1.7327277
A5: 50 | B5: 43 | C5: 37 | D5: 350 | E5: 41 | F5: 32 | G5: 0.01 | H5: 83.22 | I5: 83.08 | J5: 82.98 | K5: 83.01 | L5: 0.0656 | M5: 126 | N5: 86218 | O5: 0.3499 | P5: 22.5443 | Q5: 5.33 | R5: 343.56 | S5: 0.00133 | V5: rec | W5: =AVERAGE(J2:J29) -> 82.472143 | X5: =AVERAGE(J30:J57) -> 92.513571 | Y5: =AVERAGE(J58:J85) -> 94.765357 | Z5: =AVERAGE(J86:J113) -> 97.083214 | AB5: rec | AC5: =STDEV(J2:J29) -> 0.78778337 | AD5: =STDEV(J30:J57) -> 1.5887503 | AE5: =STDEV(J58:J85) -> 1.9126489 | AF5: =STDEV(J86:J113) -> 1.7361581
A6: 50 | B6: 43 | C6: 37 | D6: 350 | E6: 41 | F6: 64 | G6: 0.01 | H6: 83.17 | I6: 83.22 | J6: 82.96 | K6: 83.02 | L6: 0.0767 | M6: 107 | N6: 340362 | O6: 0.3499 | P6: 22.5443 | Q6: 4.56 | R6: 293.89 | S6: 0.0063 | V6: f1 | W6: =AVERAGE(K2:K29) -> 82.474643 | X6: =AVERAGE(K30:K57) -> 92.5225 | Y6: =AVERAGE(K58:K85) -> 94.753929 | Z6: =AVERAGE(K86:K113) -> 97.081071 | AB6: f1 | AC6: =STDEV(K2:K29) -> 0.78110787 | AD6: =STDEV(K30:K57) -> 1.5878815 | AE6: =STDEV(K58:K85) -> 1.9092006 | AF6: =STDEV(K86:K113) -> 1.738689
A7: 50 | B7: 43 | C7: 37 | D7: 350 | E7: 91 | F7: 64 | G7: 0.001 | H7: 83.17 | I7: 82.93 | J7: 82.98 | K7: 82.94 | L7: 0.1458 | M7: 163 | N7: 753162 | O7: 0.3499 | P7: 22.5443 | Q7: 2.4 | R7: 154.59 | S7: 0.0002 | V7: time | W7: =AVERAGE(L2:L29) -> 0.093235714 | X7: =AVERAGE(L30:L57) -> 0.10543571 | Y7: =AVERAGE(L58:L85) -> 0.15151429 | Z7: =AVERAGE(L86:L113) -> 0.31075 | AB7: time | AC7: =STDEV(L2:L29) -> 0.025635641 | AD7: =STDEV(L30:L57) -> 0.036621672 | AE7: =STDEV(L58:L85) -> 0.076909652 | AF7: =STDEV(L86:L113) -> 0.19489906
A8: 50 | B8: 43 | C8: 37 | D8: 350 | E8: 21 | F8: 64 | G8: 0.01 | H8: 83.15 | I8: 83.05 | J8: 82.95 | K8: 82.97 | L8: 0.1216 | M8: 136 | N8: 175242 | O8: 0.3499 | P8: 22.5443 | Q8: 2.88 | R8: 185.41 | S8: 0.01132
A9: 50 | B9: 43 | C9: 37 | D9: 350 | E9: 21 | F9: 32 | G9: 0.01 | H9: 83.14 | I9: 82.96 | J9: 82.93 | K9: 82.92 | L9: 0.0711 | M9: 143 | N9: 44618 | O9: 0.3499 | P9: 22.5443 | Q9: 4.92 | R9: 317.21 | S9: 0.00032 | V9: min | W9: 50 | X9: 100 | Y9: 200 | Z9: 500
A10: 50 | B10: 43 | C10: 37 | D10: 350 | E10: 81 | F10: 32 | G10: 0.01 | H10: 83.14 | I10: 82.93 | J10: 82.95 | K10: 82.92 | L10: 0.0909 | M10: 149 | N10: 169418 | O10: 0.3499 | P10: 22.5443 | Q10: 3.85 | R10: 248.04 | S10: 0.02386 | V10: accuracy | W10: =MIN(H2:H29) -> 80.32 | X10: =MIN(H30:H57) -> 88.78 | Y10: =MIN(H58:I85) -> 89.93 | Z10: =MIN(H86:H113) -> 92.43
A11: 50 | B11: 43 | C11: 37 | D11: 350 | E11: 71 | F11: 64 | G11: 0.01 | H11: 83.07 | I11: 82.94 | J11: 82.81 | K11: 82.82 | L11: 0.1174 | M11: 105 | N11: 588042 | O11: 0.3499 | P11: 22.5443 | Q11: 2.98 | R11: 192.08 | S11: 0.00031 | V11: pree | W11: =MIN(I2:I29) -> 80.15 | X11: =MIN(I30:I57) -> 88.67 | Y11: =MIN(H58:I85) -> 89.93 | Z11: =MIN(I86:I113) -> 92.35
A12: 50 | B12: 43 | C12: 37 | D12: 350 | E12: 71 | F12: 64 | G12: 0.001 | H12: 83.04 | I12: 82.87 | J12: 82.81 | K12: 82.81 | L12: 0.1172 | M12: 104 | N12: 588042 | O12: 0.3499 | P12: 22.5443 | Q12: 2.99 | R12: 192.44 | S12: 8e-05 | V12: rec | W12: =MIN(J2:J29) -> 80.05 | X12: =MIN(J30:J57) -> 88.61 | Y12: =MIN(J58:J85) -> 89.87 | Z12: =MIN(J86:J113) -> 92.34
A13: 50 | B13: 43 | C13: 37 | D13: 350 | E13: 41 | F13: 32 | G13: 0.001 | H13: 83.03 | I13: 82.88 | J13: 82.85 | K13: 82.84 | L13: 0.0651 | M13: 152 | N13: 86218 | O13: 0.3499 | P13: 22.5443 | Q13: 5.37 | R13: 346.36 | S13: 0.0007 | V13: f1 | W13: =MIN(K2:K29) -> 80.05 | X13: =MIN(K30:K57) -> 88.62 | Y13: =MIN(K58:K85) -> 89.88 | Z13: =MIN(K86:K113) -> 92.33
A14: 50 | B14: 43 | C14: 37 | D14: 350 | E14: 31 | F14: 32 | G14: 0.001 | H14: 83.03 | I14: 82.81 | J14: 82.83 | K14: 82.8 | L14: 0.0721 | M14: 153 | N14: 65418 | O14: 0.3499 | P14: 22.5443 | Q14: 4.85 | R14: 312.55 | S14: 0.00397 | V14: time | W14: =MIN(L2:L29) -> 0.0651 | X14: =MIN(L30:L57) -> 0.0665 | Y14: =MIN(L58:L85) -> 0.0694 | Z14: =MIN(L86:L113) -> 0.0714
A15: 50 | B15: 43 | C15: 37 | D15: 350 | E15: 71 | F15: 32 | G15: 0.001 | H15: 82.99 | I15: 82.89 | J15: 82.78 | K15: 82.81 | L15: 0.0862 | M15: 139 | N15: 148618 | O15: 0.3499 | P15: 22.5443 | Q15: 4.06 | R15: 261.6 | S15: 0.02013
A16: 50 | B16: 43 | C16: 37 | D16: 350 | E16: 31 | F16: 32 | G16: 0.01 | H16: 82.87 | I16: 82.81 | J16: 82.65 | K16: 82.69 | L16: 0.0686 | M16: 85 | N16: 65418 | O16: 0.3499 | P16: 22.5443 | Q16: 5.1 | R16: 328.44 | S16: 0.00119 | V16: max | W16: 50 | X16: 100 | Y16: 200 | Z16: 500
A17: 50 | B17: 43 | C17: 37 | D17: 350 | E17: 21 | F17: 32 | G17: 0.001 | H17: 82.87 | I17: 82.66 | J17: 82.64 | K17: 82.64 | L17: 0.1244 | M17: 147 | N17: 44618 | O17: 0.3499 | P17: 22.5443 | Q17: 2.81 | R17: 181.22 | S17: 0.00871 | V17: accuracy | W17: =MAX(H2:H29) -> 83.46 | X17: =MAX(H30:H57) -> 93.8 | Y17: =MAX(H58:H85) -> 96.17 | Z17: =MAX(H86:H113) -> 98.6
A18: 50 | B18: 43 | C18: 37 | D18: 350 | E18: 91 | F18: 32 | G18: 0.001 | H18: 82.82 | I18: 82.74 | J18: 82.63 | K18: 82.66 | L18: 0.0762 | M18: 150 | N18: 190218 | O18: 0.3499 | P18: 22.5443 | Q18: 4.59 | R18: 295.82 | S18: 0.00774 | V18: pree | W18: =MAX(I2:I29) -> 83.29 | X18: =MAX(I30:I57) -> 93.79 | Y18: =MAX(I58:I85) -> 96.12 | Z18: =MAX(I86:I113) -> 98.58
A19: 50 | B19: 43 | C19: 37 | D19: 350 | E19: 81 | F19: 64 | G19: 0.001 | H19: 82.8 | I19: 82.59 | J19: 82.63 | K19: 82.59 | L19: 0.132 | M19: 109 | N19: 670602 | O19: 0.3499 | P19: 22.5443 | Q19: 2.65 | R19: 170.82 | S19: 9e-05 | V19: rec | W19: =MAX(J2:J29) -> 83.27 | X19: =MAX(J30:J57) -> 93.73 | Y19: =MAX(J58:J85) -> 96.15 | Z19: =MAX(J86:J113) -> 98.59
A20: 50 | B20: 43 | C20: 37 | D20: 350 | E20: 91 | F20: 64 | G20: 0.01 | H20: 82.8 | I20: 82.62 | J20: 82.59 | K20: 82.58 | L20: 0.1457 | M20: 140 | N20: 753162 | O20: 0.3499 | P20: 22.5443 | Q20: 2.4 | R20: 154.73 | S20: 0.00016 | V20: f1 | W20: =MAX(K2:K29) -> 83.24 | X20: =MAX(K30:K57) -> 93.75 | Y20: =MAX(K58:K85) -> 96.13 | Z20: =MAX(K86:K113) -> 98.59
A21: 50 | B21: 43 | C21: 37 | D21: 350 | E21: 41 | F21: 64 | G21: 0.001 | H21: 82.7 | I21: 82.49 | J21: 82.48 | K21: 82.48 | L21: 0.0794 | M21: 106 | N21: 340362 | O21: 0.3499 | P21: 22.5443 | Q21: 4.4 | R21: 283.83 | S21: 0.00772 | V21: time | W21: =MAX(L2:L29) -> 0.1458 | X21: =MAX(L30:L57) -> 0.1813 | Y21: =MAX(L58:L85) -> 0.3069 | Z21: =MAX(L86:L113) -> 0.696
A22: 50 | B22: 43 | C22: 37 | D22: 350 | E22: 81 | F22: 32 | G22: 0.001 | H22: 82.63 | I22: 82.45 | J22: 82.42 | K22: 82.41 | L22: 0.0895 | M22: 94 | N22: 169418 | O22: 0.3499 | P22: 22.5443 | Q22: 3.91 | R22: 251.92 | S22: 0.0188
A23: 50 | B23: 43 | C23: 37 | D23: 350 | E23: 71 | F23: 32 | G23: 0.01 | H23: 82.57 | I23: 82.48 | J23: 82.42 | K23: 82.36 | L23: 0.0708 | M23: 94 | N23: 148618 | O23: 0.3499 | P23: 22.5443 | Q23: 4.94 | R23: 318.42 | S23: 0.00092
A24: 50 | B24: 43 | C24: 37 | D24: 350 | E24: 91 | F24: 32 | G24: 0.01 | H24: 82.51 | I24: 82.42 | J24: 82.3 | K24: 82.34 | L24: 0.076 | M24: 91 | N24: 190218 | O24: 0.3499 | P24: 22.5443 | Q24: 4.6 | R24: 296.56 | S24: 0.01916
A25: 50 | B25: 43 | C25: 37 | D25: 350 | E25: 81 | F25: 64 | G25: 0.01 | H25: 82.43 | I25: 82.32 | J25: 82.19 | K25: 82.16 | L25: 0.1319 | M25: 112 | N25: 670602 | O25: 0.3499 | P25: 22.5443 | Q25: 2.65 | R25: 170.89 | S25: 0.0001
A26: 50 | B26: 43 | C26: 37 | D26: 350 | E26: 11 | F26: 64 | G26: 0.001 | H26: 81.54 | I26: 81.42 | J26: 81.32 | K26: 81.34 | L26: 0.1004 | M26: 159 | N26: 92682 | O26: 0.3499 | P26: 22.5443 | Q26: 3.49 | R26: 224.63 | S26: 0.02388
A27: 50 | B27: 43 | C27: 37 | D27: 350 | E27: 11 | F27: 64 | G27: 0.01 | H27: 81.11 | I27: 81.1 | J27: 80.85 | K27: 80.89 | L27: 0.0855 | M27: 139 | N27: 92682 | O27: 0.3499 | P27: 22.5443 | Q27: 4.09 | R27: 263.77 | S27: 0.02567
A28: 50 | B28: 43 | C28: 37 | D28: 350 | E28: 11 | F28: 32 | G28: 0.01 | H28: 80.93 | I28: 80.85 | J28: 80.69 | K28: 80.73 | L28: 0.0685 | M28: 156 | N28: 23818 | O28: 0.3499 | P28: 22.5443 | Q28: 5.1 | R28: 328.92 | S28: 0.00014
A29: 50 | B29: 43 | C29: 37 | D29: 350 | E29: 11 | F29: 32 | G29: 0.001 | H29: 80.32 | I29: 80.15 | J29: 80.05 | K29: 80.05 | L29: 0.0767 | M29: 139 | N29: 23818 | O29: 0.3499 | P29: 22.5443 | Q29: 4.56 | R29: 294.04 | S29: 0.01456
A30: 100 | B30: 17 | C30: 39 | D30: 450 | E30: 81 | F30: 64 | G30: 0.01 | H30: 93.8 | I30: 93.79 | J30: 93.73 | K30: 93.75 | L30: 0.1648 | M30: 111 | N30: 670602 | O30: 0.3723 | P30: 34.1803 | Q30: 2.26 | R30: 207.47 | S30: 4e-05
A31: 100 | B31: 17 | C31: 39 | D31: 450 | E31: 91 | F31: 64 | G31: 0.01 | H31: 93.67 | I31: 93.66 | J31: 93.6 | K31: 93.62 | L31: 0.1813 | M31: 111 | N31: 753162 | O31: 0.3723 | P31: 34.1803 | Q31: 2.05 | R31: 188.5 | S31: 3e-05
A32: 100 | B32: 17 | C32: 39 | D32: 450 | E32: 91 | F32: 32 | G32: 0.01 | H32: 93.66 | I32: 93.63 | J32: 93.6 | K32: 93.61 | L32: 0.1005 | M32: 87 | N32: 190218 | O32: 0.3723 | P32: 34.1803 | Q32: 3.7 | R32: 340 | S32: 0.01976
A33: 100 | B33: 17 | C33: 39 | D33: 450 | E33: 71 | F33: 64 | G33: 0.001 | H33: 93.66 | I33: 93.63 | J33: 93.58 | K33: 93.6 | L33: 0.1467 | M33: 163 | N33: 588042 | O33: 0.3723 | P33: 34.1803 | Q33: 2.54 | R33: 232.92 | S33: 0.00014
... A113: 500 | B113: 39 | C113: 41 | D113: 1200 | E113: 11 | F113: 32 | G113: 0.001 | H113: 92.43 | I113: 92.35 | J113: 92.34 | K113: 92.33 | L113: 0.0717 | M113: 163 | N113: 23818 | O113: 0.3414 | P113: 152.1019 | Q113: 4.76 | R113: 2121.36 | S113: 0.002

Sheet Sheet2
B2: mean | C2: 50 | D2: 100 | E2: 200 | F2: 500 | H2: std | I2: 50 | J2: 100 | K2: 200 | L2: 500
B3: accuracy | C3: =ROUND(Sheet1!W3,2) -> 82.69 | D3: =ROUND(Sheet1!X3,2) -> 92.6 | E3: =ROUND(Sheet1!Y3,2) -> 94.8 | F3: =ROUND(Sheet1!Z3,2) -> 97.11 | H3: accuracy | I3: =ROUND(Sheet1!AC3,2) -> 0.77 | J3: =ROUND(Sheet1!AD3,2) -> 1.56 | K3: =ROUND(Sheet1!AE3,2) -> 1.9 | L3: =ROUND(Sheet1!AF3,2) -> 1.72
B4: pree | C4: =ROUND(Sheet1!W4,2) -> 82.55 | D4: =ROUND(Sheet1!X4,2) -> 92.55 | E4: =ROUND(Sheet1!Y4,2) -> 94.76 | F4: =ROUND(Sheet1!Z4,2) -> 97.09 | H4: pree | I4: =ROUND(Sheet1!AC4,2) -> 0.76 | J4: =ROUND(Sheet1!AD4,2) -> 1.58 | K4: =ROUND(Sheet1!AE4,2) -> 1.89 | L4: =ROUND(Sheet1!AF4,2) -> 1.73
B5: rec | C5: =ROUND(Sheet1!W5,2) -> 82.47 | D5: =ROUND(Sheet1!X5,2) -> 92.51 | E5: =ROUND(Sheet1!Y5,2) -> 94.77 | F5: =ROUND(Sheet1!Z5,2) -> 97.08 | H5: rec | I5: =ROUND(Sheet1!AC5,2) -> 0.79 | J5: =ROUND(Sheet1!AD5,2) -> 1.59 | K5: =ROUND(Sheet1!AE5,2) -> 1.91 | L5: =ROUND(Sheet1!AF5,2) -> 1.74
B6: f1 | C6: =ROUND(Sheet1!W6,2) -> 82.47 | D6: =ROUND(Sheet1!X6,2) -> 92.52 | E6: =ROUND(Sheet1!Y6,2) -> 94.75 | F6: =ROUND(Sheet1!Z6,2) -> 97.08 | H6: f1 | I6: =ROUND(Sheet1!AC6,2) -> 0.78 | J6: =ROUND(Sheet1!AD6,2) -> 1.59 | K6: =ROUND(Sheet1!AE6,2) -> 1.91 | L6: =ROUND(Sheet1!AF6,2) -> 1.74
B7: time | C7: =ROUND(Sheet1!W7,3) -> 0.093 | D7: =ROUND(Sheet1!X7,3) -> 0.105 | E7: =ROUND(Sheet1!Y7,3) -> 0.152 | F7: =ROUND(Sheet1!Z7,3) -> 0.311 | H7: time | I7: =ROUND(Sheet1!AC7,2) -> 0.03 | J7: =ROUND(Sheet1!AD7,2) -> 0.04 | K7: =ROUND(Sheet1!AE7,2) -> 0.08 | L7: =ROUND(Sheet1!AF7,2) -> 0.19
B9: min | C9: 50 | D9: 100 | E9: 200 | F9: 500
B10: accuracy | C10: =ROUND(Sheet1!W10,2) -> 80.32 | D10: =ROUND(Sheet1!X10,2) -> 88.78 | E10: =ROUND(Sheet1!Y10,2) -> 89.93 | F10: =ROUND(Sheet1!Z10,2) -> 92.43
B11: pree | C11: =ROUND(Sheet1!W11,2) -> 80.15 | D11: =ROUND(Sheet1!X11,2) -> 88.67 | E11: =ROUND(Sheet1!Y11,2) -> 89.93 | F11: =ROUND(Sheet1!Z11,2) -> 92.35
B12: rec | C12: =ROUND(Sheet1!W12,2) -> 80.05 | D12: =ROUND(Sheet1!X12,2) -> 88.61 | E12: =ROUND(Sheet1!Y12,2) -> 89.87 | F12: =ROUND(Sheet1!Z12,2) -> 92.34
B13: f1 | C13: =ROUND(Sheet1!W13,2) -> 80.05 | D13: =ROUND(Sheet1!X13,2) -> 88.62 | E13: =ROUND(Sheet1!Y13,2) -> 89.88 | F13: =ROUND(Sheet1!Z13,2) -> 92.33
B14: time | C14: =ROUND(Sheet1!W14,3) -> 0.065 | D14: =ROUND(Sheet1!X14,3) -> 0.067 | E14: =ROUND(Sheet1!Y14,3) -> 0.069 | F14: =ROUND(Sheet1!Z14,3) -> 0.071
B16: max | C16: 50 | D16: 100 | E16: 200 | F16: 500
B17: accuracy | C17: =ROUND(Sheet1!W17,2) -> 83.46 | D17: =ROUND(Sheet1!X17,2) -> 93.8 | E17: =ROUND(Sheet1!Y17,2) -> 96.17 | F17: =ROUND(Sheet1!Z17,2) -> 98.6
B18: pree | C18: =ROUND(Sheet1!W18,2) -> 83.29 | D18: =ROUND(Sheet1!X18,2) -> 93.79 | E18: =ROUND(Sheet1!Y18,2) -> 96.12 | F18: =ROUND(Sheet1!Z18,2) -> 98.58
B19: rec | C19: =ROUND(Sheet1!W19,2) -> 83.27 | D19: =ROUND(Sheet1!X19,2) -> 93.73 | E19: =ROUND(Sheet1!Y19,2) -> 96.15 | F19: =ROUND(Sheet1!Z19,2) -> 98.59
B20: f1 | C20: =ROUND(Sheet1!W20,2) -> 83.24 | D20: =ROUND(Sheet1!X20,2) -> 93.75 | E20: =ROUND(Sheet1!Y20,2) -> 96.13 | F20: =ROUND(Sheet1!Z20,2) -> 98.59
B21: time | C21: =ROUND(Sheet1!W21,3) -> 0.146 | D21: =ROUND(Sheet1!X21,3) -> 0.181 | E21: =ROUND(Sheet1!Y21,3) -> 0.307 | F21: =ROUND(Sheet1!Z21,3) -> 0.696
C24: =_xlfn.CONCAT(C3," ($\pm$ ",I3,")") -> 82.69 ($\pm$ 0.77) | D24: =_xlfn.CONCAT(D3," ($\pm$ ",J3,")") -> 92.6 ($\pm$ 1.56) | E24: =_xlfn.CONCAT(E3," ($\pm$ ",K3,")") -> 94.8 ($\pm$ 1.9) | F24: =_xlfn.CONCAT(F3," ($\pm$ ",L3,")") -> 97.11 ($\pm$ 1.72)
C25: 80.32 - 83.46 | D25: 88.78 - 93.8 | E25: 89.93 - 96.17 | F25: 92.43 - 98.6
C26: =_xlfn.CONCAT(C4," ($\pm$ ",I4,")") -> 82.55 ($\pm$ 0.76) | D26: =_xlfn.CONCAT(D4," ($\pm$ ",J4,")") -> 92.55 ($\pm$ 1.58) | E26: =_xlfn.CONCAT(E4," ($\pm$ ",K4,")") -> 94.76 ($\pm$ 1.89) | F26: =_xlfn.CONCAT(F4," ($\pm$ ",L4,")") -> 97.09 ($\pm$ 1.73)
C27: 80.15 - 83.29 | D27: 88.67 - 93.79 | E27: 89.93 - 96.12 | F27: 92.35 - 98.58
C28: =_xlfn.CONCAT(C5," ($\pm$ ",I5,")") -> 82.47 ($\pm$ 0.79) | D28: =_xlfn.CONCAT(D5," ($\pm$ ",J5,")") -> 92.51 ($\pm$ 1.59) | E28: =_xlfn.CONCAT(E5," ($\pm$ ",K5,")") -> 94.77 ($\pm$ 1.91) | F28: =_xlfn.CONCAT(F5," ($\pm$ ",L5,")") -> 97.08 ($\pm$ 1.74)
C29: 80.05 - 83.27 | D29: 88.61 - 93.73 | E29: 89.87 - 96.15 | F29: 92.34 - 98.59
C30: =_xlfn.CONCAT(C6," ($\pm$ ",I6,")") -> 82.47 ($\pm$ 0.78) | D30: =_xlfn.CONCAT(D6," ($\pm$ ",J6,")") -> 92.52 ($\pm$ 1.59) | E30: =_xlfn.CONCAT(E6," ($\pm$ ",K6,")") -> 94.75 ($\pm$ 1.91) | F30: =_xlfn.CONCAT(F6," ($\pm$ ",L6,")") -> 97.08 ($\pm$ 1.74)
C31: 80.05 - 83.24 | D31: 88.62 - 93.75 | E31: 89.88 - 96.13 | F31: 92.33 - 98.59
C32: =_xlfn.CONCAT(C7," ($\pm$ ",I7,")") -> 0.093 ($\pm$ 0.03) | D32: =_xlfn.CONCAT(D7," ($\pm$ ",J7,")") -> 0.105 ($\pm$ 0.04) | E32: =_xlfn.CONCAT(E7," ($\pm$ ",K7,")") -> 0.152 ($\pm$ 0.08) | F32: =_xlfn.CONCAT(F7," ($\pm$ ",L7,")") -> 0.311 ($\pm$ 0.19)
C33: 0.065 - 0.146 | D33: 0.067 - 0.181 | E33: 0.069 - 0.307 | F33: 0.071 - 0.696
C35: =_xlfn.CONCAT(C10," - ",C17) -> 80.32 - 83.46 | D35: =_xlfn.CONCAT(D10," - ",D17) -> 88.78 - 93.8 | E35: =_xlfn.CONCAT(E10," - ",E17) -> 89.93 - 96.17 | F35: =_xlfn.CONCAT(F10," - ",F17) -> 92.43 - 98.6
C36: =_xlfn.CONCAT(C11," - ",C18) -> 80.15 - 83.29 | D36: =_xlfn.CONCAT(D11," - ",D18) -> 88.67 - 93.79 | E36: =_xlfn.CONCAT(E11," - ",E18) -> 89.93 - 96.12 | F36: =_xlfn.CONCAT(F11," - ",F18) -> 92.35 - 98.58
C37: =_xlfn.CONCAT(C12," - ",C19) -> 80.05 - 83.27 | D37: =_xlfn.CONCAT(D12," - ",D19) -> 88.61 - 93.73 | E37: =_xlfn.CONCAT(E12," - ",E19) -> 89.87 - 96.15 | F37: =_xlfn.CONCAT(F12," - ",F19) -> 92.34 - 98.59
C38: =_xlfn.CONCAT(C13," - ",C20) -> 80.05 - 83.24 | D38: =_xlfn.CONCAT(D13," - ",D20) -> 88.62 - 93.75 | E38: =_xlfn.CONCAT(E13," - ",E20) -> 89.88 - 96.13 | F38: =_xlfn.CONCAT(F13," - ",F20) -> 92.33 - 98.59
C39: =_xlfn.CONCAT(C14," - ",C21) -> 0.065 - 0.146 | D39: =_xlfn.CONCAT(D14," - ",D21) -> 0.067 - 0.181 | E39: =_xlfn.CONCAT(E14," - ",E21) -> 0.069 - 0.307 | F39: =_xlfn.CONCAT(F14," - ",F21) -> 0.071 - 0.696
